<TextureAtlas imagePath="sprites.png">
	<SubTexture name="tiles-2_02.png" x="36" y="108" width="16" height="16"/>
	<SubTexture name="tiles-2_03.png" x="54" y="64" width="16" height="16"/>
	<SubTexture name="tiles-2_04.png" x="72" y="72" width="15" height="16"/>
	<SubTexture name="tiles-2_05.png" x="0" y="126" width="16" height="16"/>
	<SubTexture name="tiles-2_06.png" x="0" y="144" width="16" height="16"/>
	<SubTexture name="tiles-2_07.png" x="0" y="216" width="16" height="16"/>
	<SubTexture name="tiles-2_08.png" x="0" y="234" width="16" height="16"/>
	<SubTexture name="tiles-2_09.png" x="18" y="226" width="16" height="16"/>
	<SubTexture name="tiles-2_10.png" x="0" y="108" width="16" height="16"/>
	<SubTexture name="tiles-2_100.png" x="0" y="0" width="16" height="16"/>
	<SubTexture name="tiles-2_11.png" x="36" y="126" width="16" height="16"/>
	<SubTexture name="tiles-2_12.png" x="88" y="180" width="12" height="16"/>
	<SubTexture name="tiles-2_13.png" x="36" y="241" width="16" height="8"/>
	<SubTexture name="tiles-2_14.png" x="36" y="241" width="16" height="8"/>
	<SubTexture name="tiles-2_15.png" x="88" y="244" width="8" height="8"/>
	<SubTexture name="tiles-2_16.png" x="98" y="88" width="7" height="8"/>
	<SubTexture name="tiles-2_17.png" x="36" y="36" width="16" height="16"/>
	<SubTexture name="tiles-2_18.png" x="36" y="54" width="16" height="16"/>
	<SubTexture name="tiles-2_19.png" x="36" y="90" width="16" height="16"/>
	<SubTexture name="tiles-2_20.png" x="88" y="126" width="14" height="16"/>
	<SubTexture name="tiles-2_21.png" x="88" y="162" width="13" height="16"/>
	<SubTexture name="tiles-2_22.png" x="72" y="162" width="14" height="16"/>
	<SubTexture name="tiles-2_23.png" x="72" y="126" width="14" height="16"/>
	<SubTexture name="tiles-2_24.png" x="72" y="90" width="15" height="16"/>
	<SubTexture name="tiles-2_25.png" x="18" y="0" width="16" height="16"/>
	<SubTexture name="tiles-2_26.png" x="54" y="133" width="16" height="16"/>
	<SubTexture name="tiles-2_27.png" x="72" y="108" width="15" height="16"/>
	<SubTexture name="tiles-2_28.png" x="54" y="151" width="16" height="12"/>
	<SubTexture name="tiles-2_29.png" x="54" y="165" width="16" height="14"/>
	<SubTexture name="tiles-2_30.png" x="54" y="181" width="16" height="14"/>
	<SubTexture name="tiles-2_31.png" x="54" y="100" width="16" height="13"/>
	<SubTexture name="tiles-2_32.png" x="36" y="206" width="16" height="15"/>
	<SubTexture name="tiles-2_33.png" x="18" y="244" width="16" height="7"/>
	<SubTexture name="tiles-2_34.png" x="36" y="144" width="16" height="15"/>
	<SubTexture name="tiles-2_35.png" x="36" y="161" width="16" height="7"/>
	<SubTexture name="tiles-2_36.png" x="36" y="188" width="16" height="16"/>
	<SubTexture name="tiles-2_37.png" x="72" y="180" width="9" height="12"/>
	<SubTexture name="tiles-2_38.png" x="54" y="0" width="16" height="8"/>
	<SubTexture name="tiles-2_39.png" x="88" y="230" width="9" height="12"/>
	<SubTexture name="tiles-2_40.png" x="89" y="46" width="9" height="12"/>
	<SubTexture name="tiles-2_41.png" x="54" y="0" width="16" height="8"/>
	<SubTexture name="tiles-2_42.png" x="88" y="198" width="9" height="12"/>
	<SubTexture name="tiles-2_43.png" x="89" y="0" width="9" height="12"/>
	<SubTexture name="tiles-2_44.png" x="54" y="0" width="16" height="8"/>
	<SubTexture name="tiles-2_45.png" x="89" y="32" width="9" height="12"/>
	<SubTexture name="tiles-2_46.png" x="54" y="115" width="16" height="16"/>
	<SubTexture name="tiles-2_47.png" x="54" y="233" width="15" height="16"/>
	<SubTexture name="tiles-2_48.png" x="54" y="82" width="16" height="16"/>
	<SubTexture name="tiles-2_49.png" x="72" y="54" width="15" height="16"/>
	<SubTexture name="tiles-2_50.png" x="89" y="70" width="7" height="16"/>
	<SubTexture name="tiles-2_51.png" x="103" y="162" width="7" height="16"/>
	<SubTexture name="tiles-2_52.png" x="0" y="36" width="16" height="16"/>
	<SubTexture name="tiles-2_53.png" x="54" y="46" width="16" height="16"/>
	<SubTexture name="tiles-2_54.png" x="54" y="28" width="16" height="16"/>
	<SubTexture name="tiles-2_55.png" x="54" y="10" width="16" height="16"/>
	<SubTexture name="tiles-2_56.png" x="0" y="72" width="16" height="16"/>
	<SubTexture name="tiles-2_57.png" x="0" y="54" width="16" height="16"/>
	<SubTexture name="tiles-2_58.png" x="36" y="223" width="16" height="16"/>
	<SubTexture name="tiles-2_59.png" x="36" y="72" width="16" height="16"/>
	<SubTexture name="tiles-2_60.png" x="18" y="36" width="16" height="16"/>
	<SubTexture name="tiles-2_61.png" x="36" y="170" width="16" height="16"/>
	<SubTexture name="tiles-2_62.png" x="88" y="212" width="9" height="16"/>
	<SubTexture name="tiles-2_63.png" x="0" y="198" width="16" height="16"/>
	<SubTexture name="tiles-2_64.png" x="0" y="162" width="16" height="16"/>
	<SubTexture name="tiles-2_65.png" x="89" y="88" width="7" height="16"/>
	<SubTexture name="tiles-2_66.png" x="72" y="36" width="15" height="16"/>
	<SubTexture name="tiles-2_67.png" x="88" y="144" width="14" height="16"/>
	<SubTexture name="tiles-2_68.png" x="54" y="197" width="15" height="16"/>
	<SubTexture name="tiles-2_69.png" x="72" y="144" width="14" height="16"/>
	<SubTexture name="tiles-2_70.png" x="89" y="14" width="9" height="16"/>
	<SubTexture name="tiles-2_71.png" x="36" y="18" width="16" height="16"/>
	<SubTexture name="tiles-2_72.png" x="36" y="0" width="16" height="16"/>
	<SubTexture name="tiles-2_73.png" x="89" y="106" width="7" height="16"/>
	<SubTexture name="tiles-2_74.png" x="18" y="208" width="16" height="16"/>
	<SubTexture name="tiles-2_75.png" x="18" y="192" width="16" height="14"/>
	<SubTexture name="tiles-2_76.png" x="18" y="176" width="16" height="14"/>
	<SubTexture name="tiles-2_77.png" x="18" y="160" width="16" height="14"/>
	<SubTexture name="tiles-2_78.png" x="18" y="142" width="16" height="16"/>
	<SubTexture name="tiles-2_79.png" x="18" y="124" width="16" height="16"/>
	<SubTexture name="tiles-2_80.png" x="18" y="107" width="16" height="15"/>
	<SubTexture name="tiles-2_81.png" x="18" y="89" width="16" height="16"/>
	<SubTexture name="tiles-2_82.png" x="18" y="71" width="16" height="16"/>
	<SubTexture name="tiles-2_83.png" x="18" y="54" width="16" height="15"/>
	<SubTexture name="tiles-2_84.png" x="54" y="215" width="15" height="16"/>
	<SubTexture name="tiles-2_85.png" x="18" y="18" width="16" height="16"/>
	<SubTexture name="tiles-2_86.png" x="71" y="215" width="15" height="16"/>
	<SubTexture name="tiles-2_87.png" x="98" y="70" width="7" height="16"/>
	<SubTexture name="tiles-2_88.png" x="99" y="234" width="7" height="16"/>
	<SubTexture name="tiles-2_89.png" x="71" y="233" width="15" height="16"/>
	<SubTexture name="tiles-2_90.png" x="0" y="180" width="16" height="16"/>
	<SubTexture name="tiles-2_91.png" x="72" y="0" width="15" height="16"/>
	<SubTexture name="tiles-2_92.png" x="98" y="98" width="7" height="16"/>
	<SubTexture name="tiles-2_93.png" x="99" y="198" width="7" height="16"/>
	<SubTexture name="tiles-2_94.png" x="72" y="18" width="15" height="16"/>
	<SubTexture name="tiles-2_95.png" x="0" y="90" width="16" height="16"/>
	<SubTexture name="tiles-2_96.png" x="71" y="197" width="15" height="16"/>
	<SubTexture name="tiles-2_97.png" x="99" y="216" width="7" height="16"/>
	<SubTexture name="tiles-2_98.png" x="102" y="180" width="7" height="16"/>
	<SubTexture name="tiles-2_99.png" x="0" y="18" width="16" height="16"/>
	<SubTexture name="tiles-2_@v.png" x="89" y="60" width="8" height="8"/>
</TextureAtlas>